pressure_bucket,boundary_flag
Low,0.11225072386933649
Moderate,0.0716403162055336
High,0.10193816645429549
Extreme,0.08877448518332497
