pressure_bucket,dot_ball_flag
Low,0.5202887321071734
Moderate,0.5485954263128177
High,0.4603983636241701
Extreme,0.4809141135107986
