phase,pi_composite_1to10_learnedcurve
Powerplay,2.215125110061837
Middle,3.9515768745606508
Unknown,4.081290591525171
Death,7.55655808812241
