pressure_bucket,runs_off_bat
Low,0.867603278822234
Moderate,0.7123094297007341
High,0.9148279793441084
Extreme,0.8417880462079357
