pressure_bucket,is_wicket
Low,0.01765833367317809
Moderate,0.025391727837380012
High,0.04935953323050097
Extreme,0.05675539929683576
