pressure_decile,is_wicket
0,0.01893674815677144
1,0.017065378321514845
2,0.01490104772991851
3,0.020649887010052208
4,0.02266552821547776
5,0.022128720585943586
6,0.02659615833268528
7,0.02892915467765767
8,0.0447047942037922
9,0.055163214061519146
