{
  "base": 4.211902644872904,
  "k1": 0.9282190635567087,
  "k2": -0.010292881461204384,
  "total_balls": 300.0,
  "n_rows": 66768,
  "r2": 0.02807332724821099
}