quantile,pressure_coefficient
0.25,-6.331584289291245e-08
0.5,-6.619587065159749e-07
0.75,-3.296226416260595e-07
0.9,-0.5020823069610678
